STATION_NAME,SITE_ID,FIRE_CENTRE,ENABLED,LATITUDE,LONGITUDE,ELEVATION,STATION_CODE,FIRE_ZONE
ADAMS LAKE SOUTH PRECIP,,,FALSE,NA,NA,NA,NA,NA
AFTON,96.1.73.189:48032,Kamloops Fire Centre,TRUE,50.673333,-120.4816667,120,322,Kamloops
AKOKLI CREEK,96.1.70.191:48002;0x025A-0x14E1-0x0346,Southeast Fire Centre,TRUE,49.4358,-116.7464,821,838,Boundary
ALEXIS CREEK,66c8b4e699a271067ca51c73,Cariboo Fire Centre,TRUE,52.08377,-123.2732667,791,209,Chilcotin
ALLISON PASS,66bcf0eb99a271067ca51c42,Coastal Fire Centre,TRUE,49.0623139,-120.7674194,1174,317,Fraser
ANAHIM LAKE,173.181.133.179:48029;0x009E-0x01D4-0x0203-0x00D5,Cariboo Fire Centre,TRUE,52.460915,-125.306681,1097,213,Chilcotin
ANDERSON CREEK,66bcf01100e01a5a0ce79197,Coastal Fire Centre,TRUE,49.6551,-121.3580667,655,977,Fraser
APE LAKE,66bcf4f599a271067ca51c44,Coastal Fire Centre,TRUE,49.6552,-121.3574,,1275,North Island Mid Coast
ASHNOLA,66a9000c00e01a5a0ce7916c,Kamloops Fire Centre,TRUE,49.1391,-120.1844,,331,Penticton
ASPEN GROVE,96.1.101.91:48042,Kamloops Fire Centre,TRUE,49.94811,-120.62107,,302,Merritt
ATLIN,680a6e40bd48a6284588763e,Northwest Fire Centre,TRUE,59.58447,-133.664283,,111,Cassiar
AUGIER LAKE,66ba5db999a271067ca51c3c,Northwest Fire Centre,TRUE,54.361883,-125.52535,,167,Nadina
AUGUST LAKE,96.1.71.19:48007,Kamloops Fire Centre,TRUE,49.43348,-120.45712,,836,Merritt
BAKER,96.1.70.225:48004,Southeast Fire Centre,TRUE,49.4588889,-115.6302778,,503,Cranbrook
BAKER CREEK,,Cariboo Fire Centre,FALSE,NA,NA,NA,4973,NA
BALDFACE,173.181.133.179:48029;0x009E-0x01D4-0x0203-0x00DD,Cariboo Fire Centre,TRUE,52.7101,-124.48225,1666,221,Chilcotin
BEAR LAKE,173.181.133.38:48026;0x04E0-0x0452-0x01D1-0x0387,Prince George Fire Centre,TRUE,54.4823,-122.6836,715,149,Prince George
BEAVER CREEK,66ba5feb99a271067ca51c3d,Coastal Fire Centre,TRUE,49.3777,-124.9337,121,37,Mid Island
BEAVERDELL,173.181.134.220:48035,Southeast Fire Centre,TRUE,49.4563889,-119.0886111,807,390,Kootenay
BEDNESTI,173.181.133.179:48029;0x009E-0x01D4-0x00AF,Prince George Fire Centre,TRUE,53.8654,-123.3232,,175,Prince George
BELL-IRVING,66ad65d299a271067ca51c21,Northwest Fire Centre,TRUE,56.3485,-129.2929,,432,Skeena
BENSON,173.181.139.84:48055;0x0396-0x00E4,Cariboo Fire Centre,TRUE,52.90994,-122.066618,1046,228,Quesnel
BERRY,68754d95bd48a628458876c7,,FALSE,51.9787,-119.4133,,NA,Kamloops
BIG MOUTH 2,66ad679799a271067ca51c22,Southeast Fire Centre,TRUE,51.8532,-118.5915,,868,Boundary
BIG SILVER 2,66ba909e00e01a5a0ce79194,Coastal Fire Centre,TRUE,49.7233972,-121.8365167,570,1040,Fraser
BIG VALLEY,66a7cde399a271067ca51bf6,Cariboo Fire Centre,TRUE,53.2616667,-121.761669,,262,Quesnel
BIGATTINI,96.1.70.225:48004;0x0AA9-0x0315,Southeast Fire Centre,TRUE,49.4588889,-115.6302778,,2450,Columbia
BLACKPINE,66a7cec600e01a5a0ce79159,Prince George Fire Centre,TRUE,56.3187778,-125.3679722,,148,Mackenzie
BLAEBERRY,96.1.66.140:48016,Southeast Fire Centre,TRUE,51.4357,-117.0571,861,866,Cranbrook
BLOWDOWN PASS PROJECT,,Kamloops Fire Centre,FALSE,NA,NA,NA,NA,Lillooet
BLUE RIVER 2,173.181.135.3:48039,Prince George Fire Centre,TRUE,52.122,-119.293,,1108,Robson Valley
BLUEBERRY,687feaf8a1ed9944730c8707,Prince George Fire Centre,TRUE,53.3159,-119.6007,1088,4352,Robson Valley
BOB QUINN LAKE,680a76bba1ed9944730c8648,Northwest Fire Centre,TRUE,56.9809,-130.251,605,113,Cassiar
BOOTHROYD,66b53a3400e01a5a0ce7918d,Coastal Fire Centre,TRUE,49.9753,-121.4891,361,1339,Fraser
BOULDER CREEK,,Southeast Fire Centre,FALSE,NA,NA,NA,1240,NA
BOWRON HAGGEN,173.181.133.38:48026;0x04E0-0x0452-0x00C1,Prince George Fire Centre,TRUE,53.463,-121.5603,,193,Prince George
BOWSER,96.1.66.145:48019,Coastal Fire Centre,TRUE,49.43667,-124.7022,111,56,Mid Island
BOYA LAKE,66ad686f99a271067ca51c23,Northwest Fire Centre,TRUE,59.3673,-129.1109,,445,Cassiar
BRENDA MINES,96.1.71.103:48001;0x01E0-0x01DC-0x011B,Kamloops Fire Centre,TRUE,49.868417,-119.992517,,283,Lillooet
BRISCO,173.181.139.55:48050;0x01A1-0x01F3-0x01ED-0x0361,Southeast Fire Centre,TRUE,50.81933,-116.24498,930,865,Columbia
BURNS LAKE 850M,96.1.66.151:48024,Northwest Fire Centre,TRUE,54.2591,-125.7598,824,181,Nadina
CAHILTY,6712a6631551e7328e6d8d4b,Kamloops Fire Centre,TRUE,50.8879,-119.8383,1543,253,Kamloops
CAPILANO GVRD,,Coastal Fire Centre,FALSE,NA,NA,NA,NA,NA
CARIBOO CREEK,66b532f699a271067ca51c32,Southeast Fire Centre,TRUE,51.1753,-117.1757,1529,1790,Invermere
CARIBOU CORNER,66bf830d00e01a5a0ce7919d,Southeast Fire Centre,FALSE,51.0254,-118.1514,,1262,NA
CATFISH,66bcf1fe99a271067ca51c43,Prince George Fire Centre,TRUE,53.5764,-120.8584,871,199,Prince George
CEDAR,96.1.70.200:48003,Coastal Fire Centre,TRUE,49.04761,-123.8747,30,59,Mid Island
CEDARVALE,66bf960b00e01a5a0ce7919e,Northwest Fire Centre,TRUE,55.0302,-128.31,,429,Bulkley
CHEAKAMUS,687eb08abd48a628458876cf,Coastal Fire Centre,TRUE,50.0835,-123.0475,592,1283,Pemberton
CHEF CREEK TEST,96.1.102.152:48012,Coastal Fire Centre,TRUE,49.403888,-124.75805,,NA,Mid Island
CHERRY LAKE,96.1.70.225:48004;0x0AA9-0x0434-0x0317,Southeast Fire Centre,TRUE,49.1877833,-115.5416667,,791,Columbia
CHETWYND FB,,Prince George Fire Centre,FALSE,NA,NA,NA,4270,Dawson Creek
CHILAKO,173.181.133.179:48029;0x009E-0x01D4-0x0A2D,Prince George Fire Centre,TRUE,53.4936,-123.6088,807,189,Prince George
CHURN CREEK,680aa666a1ed9944730c864f,Cariboo Fire Centre,TRUE,51.4027,-122.3202,1100,832,Central Cariboo
CLAYTON FALLS,,Coastal Fire Centre,FALSE,NA,NA,NA,1199,NA
CLEARWATER HUB,173.181.135.2:48038,Kamloops Fire Centre,TRUE,51.629,-120.094,,239,Kamloops
COBBLE HILL,,Coastal Fire Centre,FALSE,NA,NA,NA,5154,NA
COLDSCAUR LAKE,173.181.135.2:48038;0x00EF-0x01D9-0x00E8,Kamloops Fire Centre,TRUE,51.724,-120.39,,232,Kamloops
COQUITLAM GVRD,,Coastal Fire Centre,FALSE,NA,NA,NA,NA,NA
CRANBERRY,66b53e8399a271067ca51c34,Northwest Fire Centre,TRUE,55.5767,-128.7049,,433,Bulkley
CRANBROOK,96.1.70.225:48004;0x0AA9-0x01AA,Southeast Fire Centre,TRUE,49.6669444,-115.848055,,426,Cranbrook
CRAWFORD,66b53efe00e01a5a0ce7918e,Southeast Fire Centre,TRUE,50.7649,-117.9578,,873,Cranbrook
CURWEN CREEK,66bfc73299a271067ca51c49,Kamloops Fire Centre,TRUE,50.6022,-118.4229,1286,NA,Vernon
DARCY,6757755f2e48134ee1235cbd,Coastal Fire Centre,TRUE,50.5217,-122.4979,334,292,Pemberton
DARKWOODS,66a7dd5399a271067ca51bf8,Southeast Fire Centre,TRUE,49.3576111,-116.95025,,1203,Columbia
DEASE LAKE FS,680a7f05a1ed9944730c8649,Northwest Fire Centre,TRUE,58.4258,-130.018,797,108,Cassiar
DECEPTION,680ab2e1bd48a6284588763f,Cariboo Fire Centre,TRUE,51.9674,-120.6078,,251,100 Mile House
DEWAR CREEK,680ab6b4a1ed9944730c8651,Southeast Fire Centre,TRUE,49.7845,-116.383,,421,Kootenay
DOWNIE,66b5427d99a271067ca51c35,Southeast Fire Centre,TRUE,51.5155,-118.272,,905,Cranbrook
DUNCAN,66bfb4d899a271067ca51c47,Southeast Fire Centre,TRUE,50.7808333,-117.1805,,385,Columbia
EAST BARRIERE,68262f3da1ed9944730c8686,Kamloops Fire Centre,TRUE,51.2531,-119.8817,,243,Kamloops
EAST OOTSA,66abbec099a271067ca51c1a,Northwest Fire Centre,TRUE,53.5025,-125.7793,1086,170,Nadina
EIGHT MILE,66a7f23b99a271067ca51bfa,Southeast Fire Centre,TRUE,49.4328333,-118.5783333,1327,391,Kootenay
ELK MOUNTAIN,66a7f2be99a271067ca51bfb,Prince George Fire Centre,TRUE,59.3336944,-125.5113889,,438,Fort Nelson
ELKO,96.1.70.225:48004;0x0AA9-0x0434-0x019C,Southeast Fire Centre,TRUE,49.2876667,-115.1545333,,412,Cranbrook
EMILY CREEK,173.181.139.55:48050;0x01A1-0x01F3-0x01A9,Southeast Fire Centre,TRUE,50.14508,-115.97761,1206,425,Invermere
FALL RIVER QD8,,,FALSE,NA,NA,NA,NA,NA
FALLS CREEK,66a9127a99a271067ca51c0a,Southeast Fire Centre,TRUE,50.3907,-117.8799,,383,Arrow
FIDELITY,66c4e34900e01a5a0ce791b1,Southeast Fire Centre,FALSE,51.2348,-117.6809,,1263,NA
FINTRY,96.1.71.103:48001;0x01E0-0x012A,Kamloops Fire Centre,TRUE,50.206667,-119.48,,298,Vernon
FIRESIDE,66bfc8dd00e01a5a0ce791a1,Prince George Fire Centre,TRUE,59.7226667,-127.3351389,,440,Fort Nelson
FIVE MILE,66a912e799a271067ca51c0b,Kamloops Fire Centre,TRUE,50.9109,-122.6889,,1029,Lillooet
FLATHEAD 2,66c4e49000e01a5a0ce791b3,Southeast Fire Centre,TRUE,49.0791389,-114.5373389,,418,Cranbrook
FORD MOUNTAIN,66c4e6ec00e01a5a0ce791b5,Coastal Fire Centre,TRUE,49.1039,-121.6376,,1144,Fraser
FORRESTKERR,66c66f1599a271067ca51c64,Northwest Fire Centre,TRUE,56.7116389,-130.6783611,,NA,Cassiar
FORT NELSON FS,96.1.101.86:48047;0x0453-0x0454,Prince George Fire Centre,TRUE,58.8419,-122.5736,375,599,Fort Nelson
FORT ST JAMES,96.1.101.87:48048,Prince George Fire Centre,TRUE,54.3941,-124.2611,720,146,VanJam
FRANK CREEK,66b5432900e01a5a0ce7918f,Coastal Fire Centre,TRUE,49.8747,-122.2817,308,1375,Fraser
FRENCH BAR,680ab99dbd48a62845887640,Kamloops Fire Centre,TRUE,51.1775,-122.2489,1320,306,Lillooet
FROTH-WIND,173.181.135.3:48039;0x0454-0x010B,,FALSE,52.011,-119.255,,NA,NA
GANOKWA,680abc90bd48a62845887641,Northwest Fire Centre,TRUE,54.8013,-126.9484,855,182,Bulkley
GASPARD,173.181.139.84:48055;0x0396-0x03FE-0x00DE,Cariboo Fire Centre,TRUE,51.450741,-122.662927,1618,222,Central Cariboo
GAVIN,173.181.139.84:48055;0x0396-0x03FE-0x00E3,Cariboo Fire Centre,TRUE,52.471043,-121.742964,1081,227,Central Cariboo
GLIMPSE,96.1.66.139:48015;0x0577-0x032D-0x01E1-0x0123,Kamloops Fire Centre,TRUE,50.2704,-120.2883,,291,Merritt
GOATFELL,96.1.70.225:48004;0x0AA9-0x01F8-0x0191,Southeast Fire Centre,TRUE,49.1253333,-116.1638333,,401,Kootenay
GOATHAVEN,66c4e4e700e01a5a0ce791b4,Southeast Fire Centre,TRUE,49.6673,-115.2144,1063,886,Cranbrook
GOATLICK,66a9132c99a271067ca51c0c,Prince George Fire Centre,TRUE,52.5074,-118.7743,,3191,Robson Valley
GOLD HILL,6759bc45f5d3fe5452f73d22,Southeast Fire Centre,TRUE,50.3658,-117.0645,,379,Kootenay
GOLDSTREAM 2,66b5437499a271067ca51c36,Southeast Fire Centre,TRUE,51.6694,-118.4871,,919,Columbia
GOSNEL,680abde6a1ed9944730c8652,Prince George Fire Centre,TRUE,52.453,-119.175,,270,Robson Valley
GRAHAM,66a9137100e01a5a0ce7916d,Prince George Fire Centre,TRUE,56.4346,-122.4576,,124,Fort St. John
GRAND FORKS,96.1.66.148:48021,Southeast Fire Centre,TRUE,49.0307,-118.4156,630,392,Boundary
GRASSY PLAINS HUB,687e5b39bd48a628458876cd,Northwest Fire Centre,TRUE,53.9454,-125.8761,938,161,Nadina
GREENSTONE HUB,96.1.70.251:48006,Kamloops Fire Centre,TRUE,50.611267,-120.64155,,321,Kamloops
GRIZZLY EXT,66a913cb99a271067ca51c0d,Kamloops Fire Centre,FALSE,49.26997,-119.2204,,NA,NA
GWYNETH LAKE,66a9141f99a271067ca51c0e,Kamloops Fire Centre,TRUE,50.7963,-122.8806,,309,Lillooet
HAGENSBORG 2,96.1.101.88:48049,Coastal Fire Centre,TRUE,52.38725,-126.5897167,47,904,North Island Mid Coast
HAIG CAMP,173.181.134.253:48036,Coastal Fire Centre,TRUE,49.380556,-121.525833,42,67,Fraser
HAINES JUNCTION FIRE yfs,,,FALSE,NA,NA,NA,NA,NA
HAINES JUNCTION YFS,,Northwest Fire Centre,FALSE,NA,NA,NA,964,NA
HARBOUR LAKE,66a7f44399a271067ca51bfc,Kamloops Fire Centre,TRUE,51.522667,-119.11335,,NA,Kamloops
HELMUT,66a7f33900e01a5a0ce7915a,Prince George Fire Centre,TRUE,59.420975,-120.7889416,,118,Fort Nelson
HIXON,173.181.133.19:48025,Prince George Fire Centre,TRUE,53.4114,-122.5964,641,187,Prince George
HOLMES,,,FALSE,NA,NA,NA,NA,NA
HOLY CROSS 2,173.181.133.179:48029;0x009E-0x01D4-0x028E,Prince George Fire Centre,TRUE,53.9362,-124.7764,961,654,VanJam
HOMATHKO,66c8c00900e01a5a0ce791c9,Coastal Fire Centre,TRUE,51.1019,-124.9502,,NA,Sunshine Coast
HONNA,173.181.139.76:48053,Coastal Fire Centre,TRUE,53.25317,-132.11561,19,93,Fraser
HORSEFLY,680abe6cbd48a62845887643,Cariboo Fire Centre,TRUE,52.3278,-121.3983,,230,Central Cariboo
HOUSTON,96.1.71.158:48010,Northwest Fire Centre,TRUE,54.393882,-126.617416,,162,Nadina
HUDSON HOPE,96.1.101.82:48045,Prince George Fire Centre,TRUE,56.0347,-121.9897,697,132,Dawson Creek
IDABEL LAKE 3,96.1.71.103:48001;0x01E0-0x01DC-0x036C,Kamloops Fire Centre,TRUE,49.767217,-119.124067,,876,Penticton
INGENIKA POINT,66a7fc6000e01a5a0ce7915c,Prince George Fire Centre,TRUE,57.0194167,-125.1803889,,145,Mackenzie
INKANEEP 2 EXT,66a9147399a271067ca51c0f,,FALSE,49.116667,-119.3,1406,NA,NA
IRON CREEK YFS,,Northwest Fire Centre,FALSE,NA,NA,NA,965,NA
ISKUT,680a84d4a1ed9944730c864c,Northwest Fire Centre,TRUE,57.8617,-130.0181,857,112,Cassiar
JERRY,173.181.133.38:48026;0x04E0-0x0452-0x00BE,Prince George Fire Centre,TRUE,53.5264,-122.1064,,190,Prince George
JOHNSON LAKE,96.1.70.225:48004;0x0AA9-0x01A3,Southeast Fire Centre,TRUE,49.9441667,-115.7580555,,419,Invermere
KASIKS PNG,,Northwest Fire Centre,FALSE,NA,NA,NA,4332,NA
KETCHIKA,66a7f3a900e01a5a0ce7915b,,FALSE,58.72698,-127.12496,,NA,Fort Nelson
KETTLE 2,96.1.71.103:48001;0x01E0-0x01DC-0x0184,Kamloops Fire Centre,TRUE,49.9599833,-118.6260333,,388,Vernon
KISPIOX HUB,96.1.66.149:48022,Northwest Fire Centre,TRUE,55.434,-127.648,,428,Bulkley
KITPARK,6809499cbd48a6284588763c,Northwest Fire Centre,TRUE,54.1696,-128.576,,106,Skeena
KLINAKLINI,66c8c22699a271067ca51c75,Coastal Fire Centre,TRUE,51.38,-125.7695,,NA,North Island Mid Coast
KLUSKUS,66bfca3699a271067ca51c4a,Prince George Fire Centre,TRUE,53.383,-124.5121,1125,166,VanJam
KNIFE,173.181.139.84:48055;0x0396-0x03FE-0x00E1,Cariboo Fire Centre,TRUE,52.049657,-121.873841,812,225,Central Cariboo
KOMIE,680ac08abd48a62845887644,Prince George Fire Centre,TRUE,59.3394,-122.0718,704,4232,Fort Nelson
KOOCANUSA,96.1.70.225:48004;0x0AA9-0x0434-0x0433,Southeast Fire Centre,TRUE,49.0466667,-115.2252777,,1075,Cranbrook
LARCH HILLS WEST,96.1.71.103:48001;0x01E0-0x052B,Kamloops Fire Centre,TRUE,50.6906,-119.1761,,1323,Vernon
LEIGHTON LAKE,96.1.70.251:48006;0x0141-0x0133,Kamloops Fire Centre,TRUE,50.61525,-120.8361,,307,Kamloops
LEMORAY,66a914c600e01a5a0ce7916e,Prince George Fire Centre,TRUE,55.525,-122.5172,747,140,Dawson Creek
LEO CREEK,66bfca8800e01a5a0ce791a2,Prince George Fire Centre,TRUE,55.0817,-125.4773,909,171,VanJam
LIKELY RS,66bfb52299a271067ca51c48,Cariboo Fire Centre,TRUE,52.615,-121.5133333,,255,Central Cariboo
LILLOOET,96.1.66.143:48018,Kamloops Fire Centre,TRUE,50.6720167,-121.8881833,408,280,Lillooet
LITTLE CHOPAKA,96.1.66.150:48023,Kamloops Fire Centre,TRUE,49.0251,-119.6909,461,3810,Penticton
LODESTONE EXT,66a9156a00e01a5a0ce7916f,Kamloops Fire Centre,FALSE,49.46969,-120.7925,1544,NA,NA
LONE BUTTE,96.1.66.142:48017;0x01FD-0x00D5,Cariboo Fire Centre,TRUE,51.5069444,-121.1619444,1158,218,100 Mile House
LOVELL COVE,66a8039a00e01a5a0ce7915d,Prince George Fire Centre,TRUE,55.6882222,-126.0526111,,163,VanJam
LOWER BEAVER,66c4e38200e01a5a0ce791b2,Southeast Fire Centre,FALSE,51.4148,-117.4742,,1264,NA
LOWER CAIN,,Coastal Fire Centre,FALSE,NA,NA,NA,1350,NA
MABEL LAKE 2,96.1.71.103:48001;0x01E0-0x00E2,Kamloops Fire Centre,TRUE,50.351189,-118.773702,563,362,Vernon
MACHMELL,66a915bb99a271067ca51c10,Coastal Fire Centre,TRUE,51.5931,-126.4508,344,101,North Island Mid Coast
MACHMELL KLINIKLINI,66c8ae6f99a271067ca51c6e,Coastal Fire Centre,TRUE,51.6556,-126.1407,,1276,North Island Mid Coast
MACKENZIE FS,173.181.139.71:48052,Prince George Fire Centre,TRUE,55.2864,-123.1358,697,155,Mackenzie
MANSON,66bfcabc00e01a5a0ce791a3,Prince George Fire Centre,TRUE,55.5798,-124.2321,1032,141,Mackenzie
MARION,173.181.139.55:48050;0x01A1-0x01F3-0x01ED-0x016F,Southeast Fire Centre,TRUE,51.04208,-116.3641,1334,367,Columbia
MASHITER,,Coastal Fire Centre,FALSE,NA,NA,NA,4552,NA
MASHITER CREEK,,,FALSE,NA,NA,NA,NA,NA
MATHEW,66a803f100e01a5a0ce7915e,Cariboo Fire Centre,TRUE,52.91,-120.9116667,,263,Quesnel
MAYSON,173.181.135.2:48038;0x00EF-0x01D9-0x043A,Kamloops Fire Centre,TRUE,51.211,-120.412,,NA,Kamloops
MCBRIDE,173.181.139.79:48054,Prince George Fire Centre,TRUE,53.2948,-120.1531,715,195,Robson Valley
MCBRIDE LAKE,66c6773f99a271067ca51c67,Northwest Fire Centre,TRUE,54.074733,-127.3994167,,180,Nadina
MCCUDDY,173.181.134.155:48033,Kamloops Fire Centre,TRUE,49.1483333,-119.415,1067,334,Penticton
MCGREGOR 2,66a804d300e01a5a0ce79160,Prince George Fire Centre,TRUE,53.9288889,-120.6356944,,192,Prince George
MCLEAN LAKE,96.1.70.251:48006;0x0141-0x0137,Kamloops Fire Centre,TRUE,50.7923,-121.35815,,311,Kamloops
MCLEOD LAKE,173.181.133.38:48026;0x04E0-0x0452-0x01D1-0x0469,Prince George Fire Centre,TRUE,54.7443,-123.019,867,153,Prince George
MCLEOD MEADOWS,,Southeast Fire Centre,FALSE,NA,NA,NA,1242,NA
MCNULTY EXT,66a9160999a271067ca51c11,Kamloops Fire Centre,FALSE,49.5557,-120.1733,,NA,NA
MEADOW LAKE,96.1.66.142:48017;0x01FD-0x00EC,Cariboo Fire Centre,TRUE,51.375,-121.7167,1088,236,100 Mile House
MEAGER CREEK,66bfcaf199a271067ca51c4b,Coastal Fire Centre,TRUE,50.62,-123.4101,549,1083,Pemberton
MENZIES CAMP,66ba96cf99a271067ca51c3f,Coastal Fire Centre,TRUE,50.048624,-125.788596,435,19,North Island Mid Coast
MERRITT 2 HUB,96.1.66.139:48015,Kamloops Fire Centre,TRUE,50.121197,-120.744434,638,1399,Merritt
MESACHIE 2,96.1.71.160:48011,Coastal Fire Centre,TRUE,48.822805,-124.137087,182,934,South Island
MESACHIE 3,69a9fae00a0196393e1ce7a6,Coastal Fire Centre,TRUE,48.8199,-124.131,197,4513,South Island
MIDDLE LAKE,66bfcb2300e01a5a0ce791a4,Cariboo Fire Centre,TRUE,51.7017,-124.875,915,226,Chilcotin
MOOSE LAKE,173.181.133.179:48029;0x009E-0x01D4-0x0203-0x00A5,Prince George Fire Centre,TRUE,53.07146,-125.41215,1109,165,VanJam
MOUNT ARROWSMITH,,,FALSE,NA,NA,NA,NA,NA
MOUNT CAYLEY,66c8fc3c00e01a5a0ce791cc,Coastal Fire Centre,TRUE,50.0708,-123.2771,,1221,Pemberton
MUDPIT,66a9201099a271067ca51c12,Kamloops Fire Centre,TRUE,51.3124,-119.3927,,1176,Kamloops
MUSKWA,66bfcb5f00e01a5a0ce791a5,Prince George Fire Centre,TRUE,57.8842,-123.6164,769,131,Fort Nelson
NABESHE,66a80c8c00e01a5a0ce79163,Prince George Fire Centre,TRUE,56.36433,-123.36556,,151,Mackenzie
NADINA,687e66b4bd48a628458876ce,Northwest Fire Centre,TRUE,53.9425,-126.9278,954,179,Nadina
NAHATLATCH,66c677bb99a271067ca51c68,Coastal Fire Centre,TRUE,49.9018,-122.0207,551,316,Fraser
NANCY GREENE,6759ce152e48134ee1235cc7,Southeast Fire Centre,TRUE,49.2545,-117.9945,,407,Arrow
NASS CAMP,66bfcba199a271067ca51c4c,Northwest Fire Centre,TRUE,55.2886,-128.9984,176,427,Skeena
NAZKO,6824be5aa1ed9944730c8684,Cariboo Fire Centre,TRUE,52.9575,-123.5958,910,211,Quesnel
NEGRO CREEK,,,FALSE,NA,NA,NA,NA,NA
NELSON FORKS,66a920b500e01a5a0ce79170,Prince George Fire Centre,TRUE,59.6172,-124.0986,656,119,Fort Nelson
NEMIAH,66bfcc6499a271067ca51c4d,Cariboo Fire Centre,TRUE,51.48,-123.8183,1220,216,Chilcotin
NICOLL,66a9210999a271067ca51c14,Southeast Fire Centre,TRUE,49.5262,-118.3614,878,393,Boundary
NILKITKWA,96.1.101.85:48046;0x0A0F-0x0A9B-0x0A11,Northwest Fire Centre,TRUE,55.5378,-126.5773,,172,Bulkley
NOEL,173.181.133.111:48027;0x09D0-0x0A2B-0x09D7,Prince George Fire Centre,TRUE,55.2957,-120.4861,977,437,Dawson Creek
NORNS,96.1.66.146:48020;0x01E7-0x0198,Southeast Fire Centre,TRUE,49.5025,-117.787,2423,408,Cranbrook
NORNS WIND,,,FALSE,NA,NA,NA,NA,NA
NORTH ADAMS,66c4cbfe00e01a5a0ce791ae,,FALSE,51.556,-119.7383,,NA,NA
NORTH BABINE,96.1.101.85:48046;0x0A0F-0x0A9B-0x0A47,Northwest Fire Centre,TRUE,55.1349,-126.2073,,173,Nadina
NORTH CHILCO,173.181.133.179:48029;0x009E-0x01D4-0x009F,Prince George Fire Centre,TRUE,54.1546,-123.7541,836,159,VanJam
OCTOPUS CREEK,66a922b700e01a5a0ce79171,Southeast Fire Centre,TRUE,49.6976,-118.0822,1466,396,Arrow
OLD FADDY,66b5475d99a271067ca51c37,Northwest Fire Centre,TRUE,59.8928,-129.0938,,1270,Cassiar
ONE MILE,66c4ce6699a271067ca51c56,Southeast Fire Centre,FALSE,51.022,-118.2075,,1261,NA
OSBORN,66b5479d99a271067ca51c38,Prince George Fire Centre,TRUE,56.5553,-120.3952,,1045,Fort St. John
PADDY,66c8fcc699a271067ca51c77,Prince George Fire Centre,TRUE,57.7818,-120.2368,722,121,Fort St. John
PALLISER,173.181.139.55:48050;0x01A1-0x048B-0x019B,Southeast Fire Centre,TRUE,50.49449,-115.66647,1053,411,Invermere
PARROTT,688a377cbd48a628458876dd,Northwest Fire Centre,TRUE,54.01862,-126.388961,,183,Nadina
PASKA LAKE,96.1.70.251:48006;0x0141-0x0146,Kamloops Fire Centre,TRUE,50.504,-120.674,,326,Kamloops
PEDEN,687e6620a1ed9944730c8705,Northwest Fire Centre,TRUE,53.9868,-126.5174,747,178,Nadina
PEMBERTON BASE,96.1.101.51:48043,Coastal Fire Centre,TRUE,50.3059333,-122.7287833,204,301,Pemberton
PENDOREILLE,66a9231799a271067ca51c15,Southeast Fire Centre,TRUE,49.0506,-117.4138,731,402,Kootenay
PENTICTON RS,173.181.134.133:48056,Kamloops Fire Centre,TRUE,49.517258,-119.552604,427,328,Penticton
PERSEVERANCE,,Coastal Fire Centre,FALSE,NA,NA,NA,NA,NA
PINE CREEK,66b547f900e01a5a0ce79191,Northwest Fire Centre,TRUE,54.683,-127.3234,,938,Bulkley
PINK MOUNTAIN,66c8fe5500e01a5a0ce791cd,Prince George Fire Centre,TRUE,57.0874,-122.5912,989,129,Fort St. John
PLACE LAKE,173.181.139.84:48055;0x0396-0x03FE-0x00FF,Cariboo Fire Centre,TRUE,51.818225,-122.005569,1051,212,Central Cariboo
PLUMMER HUT,66c8ff2c00e01a5a0ce791ce,Cariboo Fire Centre,TRUE,51.3735,-125.1645,,1387,Chilcotin
POWDER CREEK,96.1.70.191:48002;0x025A-0x14E1,Southeast Fire Centre,TRUE,49.9065,-116.8551,937,380,Kootenay
POWELL RIVER WEST LAKE,66a80d0e99a271067ca51c01,Coastal Fire Centre,TRUE,49.8180167,-124.4498666,160,1218,Sunshine Coast
PRAIRIE CREEK,66a80a1a99a271067ca51bfe,Cariboo Fire Centre,TRUE,52.3916667,-120.985,,264,Central Cariboo
QD 1 BURGESS CREEK,,,FALSE,NA,NA,NA,NA,NA
QD 1 RACE TRACK,,,FALSE,NA,NA,NA,NA,NA
QD 11 DAM,,,FALSE,NA,NA,NA,NA,NA
QD 12 HAT CREEK,,,FALSE,NA,NA,NA,NA,NA
QD 12 SQUAMISH,,,FALSE,NA,NA,NA,NA,NA
QD 13 ESKETM,,,FALSE,NA,NA,NA,NA,NA
QD 13 FONTAS,,,FALSE,NA,NA,NA,NA,NA
QD 15 JACK OF CLUBS,,,FALSE,NA,NA,NA,NA,NA
QD 16 PATRY CREEK,,,FALSE,NA,NA,NA,NA,NA
QD 16 TSACHA LAKE,68a4ddbfa1ed9944730c8740,,FALSE,53.0928,-124.842917,1352,NA,NA
QD 18 COLES ROAD,,,FALSE,NA,NA,NA,NA,NA
QD 18 DIPPING,,,FALSE,NA,NA,NA,NA,NA
QD 18 POCKETKNIFE,,,FALSE,NA,NA,NA,NA,NA
QD 19 PASAYTEN,,,FALSE,NA,NA,NA,NA,NA
QD 19 UNDERWOOD,,,FALSE,NA,NA,NA,NA,NA
QD 20 NORTH CREEK,,,FALSE,NA,NA,NA,NA,NA
QD 4 MACDOUGALL CREEK,,,FALSE,NA,NA,NA,NA,NA
QD 4 WINDFLOWER,,,FALSE,NA,NA,NA,NA,NA
QD 5 CRIPPLE,,,FALSE,NA,NA,NA,NA,NA
QD 5 KISKATINAW,,,FALSE,NA,NA,NA,NA,NA
QD 6 CANTILEVER,,,FALSE,NA,NA,NA,NA,NA
QD 6 TILLICUM,,,FALSE,NA,NA,NA,NA,NA
QD 8 NEMIAH VALLEY LODGE,,,FALSE,NA,NA,NA,NA,NA
QD 8 SIWASH,,,FALSE,NA,NA,NA,NA,NA
QD BEAR CREEK,,,FALSE,NA,NA,NA,NA,NA
QD BIRKENHEAD,,,FALSE,NA,NA,NA,NA,NA
QD DHAUL,,,FALSE,NA,NA,NA,NA,NA
QD EAST OF BURTON,,,FALSE,NA,NA,NA,NA,NA
QD GOES 6 DEER,,,FALSE,NA,NA,NA,NA,NA
QD K21633,,,FALSE,NA,NA,NA,NA,NA
QD K22024,,,FALSE,NA,NA,NA,NA,NA
QD K71535,,,FALSE,NA,NA,NA,NA,NA
QD MAGNA BAY,,,FALSE,NA,NA,NA,NA,NA
QD OMINECA,,,FALSE,NA,NA,NA,NA,NA
QD POWERS CREEK,,,FALSE,NA,NA,NA,NA,NA
QD ROUND MOUNTAIN,,,FALSE,NA,NA,NA,NA,NA
QD WEST DUNCAN,,,FALSE,NA,NA,NA,NA,NA
QD WISEMAN,96.1.71.103:48001;0x01E0-0x01E2-0x016B,,FALSE,50.796861,-118.943174,1029,NA,NA
QD YALAKOM VALLEY,,,FALSE,NA,NA,NA,NA,NA
QD10 MCDONALD PB,,,FALSE,NA,NA,NA,NA,NA
QD11 MOONLIT,,,FALSE,NA,NA,NA,NA,NA
QD12 TENQUILLE CREEK PB,,,FALSE,NA,NA,NA,NA,NA
QD13 FONTAS,,,FALSE,NA,NA,NA,NA,NA
QD13 STEAMBOAT,,,FALSE,NA,NA,NA,NA,NA
QD14 CAMERON LAKE,,,FALSE,NA,NA,NA,NA,NA
QD14 XETOLACW,,Coastal Fire Centre,FALSE,NA,NA,NA,NA,NA
QD17 ZYMOETZ,,,FALSE,NA,NA,NA,NA,NA
QD18 BRUNSON LK PB,,,FALSE,NA,NA,NA,NA,NA
QD19 BIG MOUTH PB,,,FALSE,NA,NA,NA,NA,NA
QD2 KETTLE VALLEY PB,,,FALSE,NA,NA,NA,NA,NA
QD2 MEADOW MT,,,FALSE,NA,NA,NA,NA,NA
QD2 NORTH CREEK PB,,,FALSE,NA,NA,NA,NA,NA
QD20 LEMON CREEK,,,FALSE,NA,NA,NA,NA,NA
QD20 SWANSON,,,FALSE,NA,NA,NA,NA,NA
QD3 KOKANEE CREEK PB,,,FALSE,NA,NA,NA,NA,NA
QD3 SIX MILE SLOUGH,,,FALSE,NA,NA,NA,NA,NA
QD5 BOSK LAKE,,,FALSE,NA,NA,NA,NA,NA
QD6 CRANBROOK2,,,FALSE,NA,NA,NA,NA,NA
QD6 Grassy,,,FALSE,NA,NA,NA,NA,NA
QD6 KIKOMUN CREEK PB,,,FALSE,NA,NA,NA,NA,NA
QD7 BLUE GROUSE PB,,,FALSE,NA,NA,NA,NA,NA
QD7 BURTON PB,,,FALSE,NA,NA,NA,NA,NA
QD7 DEER CREEK PB,,,FALSE,NA,NA,NA,NA,NA
QD7 SILVERTON,,,FALSE,NA,NA,NA,NA,NA
QD7 Six Mile Slough,,,FALSE,NA,NA,NA,NA,NA
QD7 TOBACCO PLAINS,,,FALSE,NA,NA,NA,NA,NA
QD7 YAMINQAN,,,FALSE,NA,NA,NA,NA,NA
QD8 BEEF TRAIL,,,FALSE,NA,NA,NA,NA,NA
QUEENS COVE,,Coastal Fire Centre,FALSE,NA,NA,NA,4653,NA
QUINSAM BASE FWX,173.181.134.41:48031,Coastal Fire Centre,TRUE,50.0266,-125.2929,79,1093,North Island Mid Coast
RAFT,,,FALSE,NA,NA,NA,NA,NA
RED DEER,173.181.133.111:48027;0x09D0-0x0A2B-0x0A31,Prince George Fire Centre,TRUE,54.6331,-120.5761,1308,138,Dawson Creek
REDSTREAK,6160c6b36469946308727b31,Southeast Fire Centre,FALSE,50.6229,-116.0627,,1260,NA
REVELSTOKE,173.181.134.37:48030,Southeast Fire Centre,TRUE,51.0603333,-118.2171667,680,363,Columbia
RISKE CREEK,173.181.139.84:48055;0x0396-0x03FE-0x00D2,Cariboo Fire Centre,TRUE,51.959675,-122.504115,910,210,Central Cariboo
ROCK CREEK,173.181.135.1:48037,Southeast Fire Centre,TRUE,49.052,-118.9366666,609,394,Boundary
ROCKINGHAM,66ad273c99a271067ca51c1d,Prince George Fire Centre,TRUE,52.8643,-118.5204,,3190,Robson Valley
RORY CREEK,66a80a8700e01a5a0ce79162,Southeast Fire Centre,TRUE,50.61261,-116.7933,,1092,Kootenay
ROSSWOOD,66bfccae99a271067ca51c4e,Northwest Fire Centre,TRUE,54.9168,-128.8597,239,105,Skeena
ROUND PRAIRIE,96.1.70.225:48004;0x0AA9-0x01F8-0x01F9-0x0314,Southeast Fire Centre,TRUE,50.0867,-114.8997,,788,Cranbrook
SALISBURY QD,,,FALSE,NA,NA,NA,NA,NA
SALTSPRING 2,66bfcce400e01a5a0ce791a6,Coastal Fire Centre,TRUE,48.7729,-123.4745,15,45,South Island
SASKATCHEWAN CROSSING,,Southeast Fire Centre,FALSE,NA,NA,NA,NA,NA
SAWTOOTH,66c901e300e01a5a0ce791cf,Prince George Fire Centre,TRUE,55.3145,-125.3485,,NA,VanJam
SCAR CREEK,66ad47be00e01a5a0ce79178,Coastal Fire Centre,TRUE,51.1891,-125.0282,122,82,Sunshine Coast
SEVEREID,173.181.133.38:48026;0x04E0-0x0452-0x00BF,Prince George Fire Centre,TRUE,54.169,-121.6518,799,1165,Prince George
SEYMOUR ARM,66c4d39e99a271067ca51c58,Kamloops Fire Centre,TRUE,51.2736,-118.9148,,344,Vernon
SEYMOUR GVRD,,Coastal Fire Centre,FALSE,NA,NA,NA,NA,NA
SICAMOUS,96.1.71.103:48001;0x01E0-0x01E2,Kamloops Fire Centre,TRUE,50.863467,-119.00285,,882,Vernon
SIERRA,68262af3bd48a6284588765e,Prince George Fire Centre,TRUE,58.8381,-121.3967,,117,Fort Nelson
SIFTON,66bfd03299a271067ca51c4f,Prince George Fire Centre,TRUE,57.8517,-126.1168,968,152,Mackenzie
SILVER,66ad47ee00e01a5a0ce79179,Prince George Fire Centre,TRUE,57.3741,-121.4076,,120,Fort St. John
SILVERSTAR SF,96.1.71.103:48001,Kamloops Fire Centre,TRUE,50.3681944,-119.0654167,,480,Vernon
SKOONKA,66bfe07800e01a5a0ce791a9,Kamloops Fire Centre,TRUE,50.4387,-121.5514,,1024,Lillooet
SLOCAN,96.1.66.146:48020;0x01E7-0x0198-0x0196,Southeast Fire Centre,TRUE,49.7846667,-117.44,1230,406,Arrow
SMALLWOOD,96.1.97.217:48040,Southeast Fire Centre,TRUE,49.496948,-117.447795,960,404,Kootenay
SPARKS LAKE,66bfd0ac00e01a5a0ce791a7,Kamloops Fire Centre,TRUE,50.9237,-120.8671,960,305,Kamloops
SPARWOOD,66ad485c99a271067ca51c1f,Southeast Fire Centre,TRUE,49.833,-114.883,,3110,Cranbrook
SPLINTLUM,66c4d3eb99a271067ca51c59,Kamloops Fire Centre,TRUE,50.3513,-121.655,,1055,Lillooet
STATION BAY 2,96.1.71.103:48001;0x01E0-0x01DC-0x04EA,Kamloops Fire Centre,TRUE,50.497346,-119.727009,1100,1359,Vernon
SUCCOUR CREEK,66a9205e99a271067ca51c13,Southeast Fire Centre,TRUE,51.7159,-117.5415,1397,374,Columbia
SUMMIT,66a80e6400e01a5a0ce79164,Coastal Fire Centre,TRUE,48.9276,-124.6469,671,11,Mid Island
SUSTUT,66a80afa99a271067ca51bff,Prince George Fire Centre,TRUE,56.32873,-127.03425,,156,VanJam
SWIFT RIVER YFS,,Northwest Fire Centre,FALSE,NA,NA,NA,967,NA
Station 1389,,,FALSE,NA,NA,NA,NA,NA
Station 1396,,,FALSE,NA,NA,NA,NA,NA
Station 1403,,,FALSE,NA,NA,NA,NA,NA
Station 1911,,,FALSE,NA,NA,NA,NA,NA
Station 1970,,,FALSE,NA,NA,NA,NA,NA
Station 201,,,FALSE,NA,NA,NA,NA,NA
Station 2270,,,FALSE,NA,NA,NA,NA,NA
Station 2290,,,FALSE,NA,NA,NA,NA,NA
Station 2370,,,FALSE,NA,NA,NA,NA,NA
Station 2390,,,FALSE,NA,NA,NA,NA,NA
Station 2410,,,FALSE,NA,NA,NA,NA,NA
Station 2430,,,FALSE,NA,NA,NA,NA,NA
Station 2470,,,FALSE,NA,NA,NA,NA,NA
Station 2490,,,FALSE,NA,NA,NA,NA,NA
Station 2570,,,FALSE,NA,NA,NA,NA,NA
Station 2591,,,FALSE,NA,NA,NA,NA,NA
Station 2593,,,FALSE,NA,NA,NA,NA,NA
Station 2710,,,FALSE,NA,NA,NA,NA,NA
Station 343,,,FALSE,NA,NA,NA,NA,NA
Station 346,,,FALSE,NA,NA,NA,NA,NA
Station 789,,,FALSE,NA,NA,NA,NA,NA
TABERNACLE WIND,96.1.66.140:48016;0x034C-0x2353,Southeast Fire Centre,TRUE,51.7513333,-117.7613333,2438,376,Columbia
TABLE RIVER,173.181.133.38:48026;0x04E0-0x0452-0x01D1-0x0090,Prince George Fire Centre,TRUE,54.7157,-122.2747,769,144,Prince George
TALCHAKO,66b549fd99a271067ca51c3a,Coastal Fire Centre,TRUE,52.2513,-126.0282,306,233,North Island Mid Coast
TATLA LAKE,173.181.133.179:48029;0x009E-0x01D4-0x0203-0x0492-0x00D0,Cariboo Fire Centre,TRUE,51.9066667,-124.605,945,208,Chilcotin
TAUTRI,66bfd0e299a271067ca51c50,Cariboo Fire Centre,TRUE,52.5422,-123.35,1085,206,Central Cariboo
TELEGRAPH CREEK,66a80b5499a271067ca51c00,Northwest Fire Centre,TRUE,57.9141,-131.171,382,110,Cassiar
TERRACE,68091bcda1ed9944730c8646,Northwest Fire Centre,TRUE,54.438,-128.5714,199,3851,Skeena
TERRACE AIRPORT QD,,,FALSE,NA,NA,NA,NA,NA
TETRAHEDRON,,Coastal Fire Centre,FALSE,NA,NA,NA,NA,NA
THYNNE,96.1.66.139:48015;0x0577-0x032D-0x01E1-0x0117,Kamloops Fire Centre,TRUE,49.7152,-120.866,,279,Merritt
TIMOTHY,96.1.66.142:48017;0x01FD-0x0205-0x00EA,Cariboo Fire Centre,TRUE,51.9130556,-121.3888,1161,234,100 Mile House
TOAD RIVER,66a8fdb000e01a5a0ce7916a,Prince George Fire Centre,TRUE,58.86585,-125.3107,,126,Fort Nelson
TOBA CAMP,66a8fc0700e01a5a0ce79169,Coastal Fire Centre,TRUE,50.571,-124.077,49,75,Sunshine Coast
TOBY HUB,173.181.139.55:48050,Southeast Fire Centre,TRUE,50.51295,-116.05511,894,417,Invermere
TROUT LAKE,66c4d46299a271067ca51c5a,Southeast Fire Centre,TRUE,50.6053,-117.4271,,387,Arrow
TS ARTLISH,66a8fe2599a271067ca51c07,Coastal Fire Centre,TRUE,50.1325,-126.92805,120,995,North Island Mid Coast
TS ATLUCK,66c6704c00e01a5a0ce791c0,Coastal Fire Centre,TRUE,50.2678056,-127.07961,384,1378,North Island Mid Coast
TS BLACKWATER,66c672c300e01a5a0ce791c4,Coastal Fire Centre,TRUE,50.171,-125.5756,289,1408,North Island Mid Coast
TS BURMAN,66c6709500e01a5a0ce791c1,Coastal Fire Centre,TRUE,49.6133,-126.0327,,1362,North Island Mid Coast
TS EFFINGHAM,66a8fb5a00e01a5a0ce79168,Coastal Fire Centre,TRUE,49.17,-125.2825,632,956,Mid Island
TS ELPHINSTONE,66c907ff00e01a5a0ce791d0,Coastal Fire Centre,TRUE,49.428,-123.5648,615,1002,Sunshine Coast
TS MAURELLE,66a8fe9899a271067ca51c08,Coastal Fire Centre,TRUE,50.2709167,-125.1308889,140,NA,Sunshine Coast
TS MCNABB,66a8fb0399a271067ca51c06,Coastal Fire Centre,TRUE,49.5855,-123.3872167,140,1066,Sunshine Coast
TS NAHMINT,66c6729b00e01a5a0ce791c3,Coastal Fire Centre,TRUE,49.2075,-125.1219,354,1398,Mid Island
TS NAKA CREEK,66a8feed00e01a5a0ce7916b,Coastal Fire Centre,TRUE,50.3701333,-126.433933,515,945,North Island Mid Coast
TS PORT NEVILLE,,,FALSE,NA,NA,NA,NA,NA
TS SAN JUAN,66ad497a99a271067ca51c20,Coastal Fire Centre,TRUE,48.5713,-124.2,294,944,South Island
TS SOUTH FORK,,,FALSE,NA,NA,NA,NA,NA
TS THEODOSIA,66a8ff4299a271067ca51c09,Coastal Fire Centre,TRUE,50.1035,-124.614694,103,1025,Sunshine Coast
TS TSITIKA,6758ab7c2e48134ee1235cbe,Coastal Fire Centre,TRUE,50.375324,-126.540148,211,4393,North Island Mid Coast
TSAR CREEK,675af39215eb8a4137b42bb9,Southeast Fire Centre,TRUE,51.9983,-118.102,,361,Columbia
TUMBLER HUB,173.181.133.111:48027,Prince George Fire Centre,TRUE,55.0274,-120.9341,932,127,Dawson Creek
TURTLE,173.181.134.219:48034,Kamloops Fire Centre,TRUE,50.803,-119.631,,286,Vernon
UBC RESEARCH,96.1.101.79:48044,Coastal Fire Centre,TRUE,49.2645,-122.5732,146,72,Fraser
UPPER BEAVER,66c4cffb00e01a5a0ce791b0,Southeast Fire Centre,FALSE,51.3145,-117.3739,,NA,NA
UPPER FULTON,96.1.101.85:48046;0x0A0F-0x0A9B-0x0A4E,Northwest Fire Centre,TRUE,55.0339,-126.7996,,169,Bulkley
UPPER KISPIOX,66bfd58900e01a5a0ce791a8,Northwest Fire Centre,TRUE,55.6015,-128.0478,410,431,Bulkley
VALEMOUNT 2,173.181.133.114:48028;0x04F4-0x00C8,Prince George Fire Centre,TRUE,52.7883,-119.3146,1163,200,Robson Valley
VALEMOUNT AIRPORT,173.181.133.114:48028,Prince George Fire Centre,TRUE,52.8601,-119.3389,788,1268,Robson Valley
VAN DYKE,66c9087399a271067ca51c79,Northwest Fire Centre,TRUE,56.0127,-129.0998,296,430,Skeena
VANDERHOOF HUB,173.181.133.179:48029,Prince George Fire Centre,TRUE,54.0553,-124.0101,681,158,VanJam
VAVENBY MTN,66c4cbaf99a271067ca51c54,,FALSE,51.556,-119.7383,,NA,NA
VERMILLION CROSSING,,Southeast Fire Centre,FALSE,NA,NA,NA,1241,NA
Vavenby Mtn,,,FALSE,51.556,-119.7383,,NA,NA
WELLS GRAY,173.181.135.2:48038;0x00EF-0x01D9-0x010A,Kamloops Fire Centre,TRUE,52.343,-120.244,,266,Penticton
WEST KELOWNA,66c670d500e01a5a0ce791c2,Kamloops Fire Centre,TRUE,49.8832,-119.5695,,1277,Vernon
WETZINKWA,,Northwest Fire Centre,FALSE,NA,NA,NA,4793,NA
WHISKEY,173.181.139.55:48050;0x01A1-0x01F3-0x01ED-0x0361-0x016E,Southeast Fire Centre,TRUE,51.065381,-116.785233,1355,366,Invermere
WHITE RIVER,66c909fa00e01a5a0ce791d1,Southeast Fire Centre,TRUE,50.1849,-115.2676,,790,Invermere
WILDHORSE WX,,,FALSE,NA,NA,NA,NA,NA
WILLIS,,Kamloops Fire Centre,FALSE,NA,NA,NA,3873,NA
WINDY MOUNTAIN,68796283bd48a628458876ca,Cariboo Fire Centre,TRUE,51.6645,-120.6576,,244,100 Mile House
WITCH,66c90f9899a271067ca51c7a,Prince George Fire Centre,TRUE,55.023,-124.2666,1041,154,VanJam
WONOWON,96.1.71.135:48009,Prince George Fire Centre,TRUE,56.7185,-121.76543,957,136,Fort St. John
WOSS CAMP,96.1.99.254:48041,Coastal Fire Centre,TRUE,50.21317,-126.60696,148,21,North Island Mid Coast
YOUNG LAKE,96.1.66.142:48017;0x01FD-0x00EB,Cariboo Fire Centre,TRUE,51.2377778,-120.9975,1170,235,100 Mile House
ZZ APEX EXT,66bcfad000e01a5a0ce79199,,FALSE,NA,NA,NA,NA,NA
ZZ BIG BAR PROJECT,,,FALSE,NA,NA,NA,NA,NA
ZZ BOULDER QD,,,FALSE,NA,NA,NA,NA,NA
ZZ BUG CAMP CREEK,,,FALSE,NA,NA,NA,NA,NA
ZZ CHITTENDEN MEADOWS QD,,,FALSE,NA,NA,NA,NA,NA
ZZ CLIFTON,,,FALSE,NA,NA,NA,NA,NA
ZZ DEER PARK QD2,,,FALSE,NA,NA,NA,NA,NA
ZZ EAST TOBA,,,FALSE,NA,NA,NA,NA,NA
ZZ ELEVEN MILE CREEK QD,,,FALSE,NA,NA,NA,NA,NA
ZZ FTS F6 TEST,,,FALSE,NA,NA,NA,NA,NA
ZZ GOAT CREEK TS,,,FALSE,NA,NA,NA,NA,NA
ZZ GOES TEST 1,,,FALSE,NA,NA,NA,NA,NA
ZZ GWILLIM,,,FALSE,NA,NA,NA,NA,NA
ZZ HASSLER,,,FALSE,NA,NA,NA,NA,NA
ZZ HOWARD,,,FALSE,NA,NA,NA,NA,NA
ZZ INKANEEP EXT,,,FALSE,NA,NA,NA,NA,NA
ZZ IRISH CREEK QD,,,FALSE,NA,NA,NA,NA,NA
ZZ K50615 QD,,,FALSE,NA,NA,NA,NA,NA
ZZ LITTLE FORT TEMP,,,FALSE,NA,NA,NA,NA,NA
ZZ MOMICH LAKE QD,,,FALSE,NA,NA,NA,NA,NA
ZZ NARROWS INLET,,,FALSE,NA,NA,NA,NA,NA
ZZ OCTOPUS MOUNTAIN PC,,,FALSE,NA,NA,NA,NA,NA
ZZ ORFORD RIVER TEMP,,,FALSE,NA,NA,NA,NA,NA
ZZ QD 3 VALLEY GAP,,,FALSE,NA,NA,NA,NA,NA
ZZ QD BUNTING ROAD,,,FALSE,NA,NA,NA,NA,NA
ZZ QD EMBLETON,,,FALSE,NA,NA,NA,NA,NA
ZZ QUARTZ LAKE QD,,,FALSE,NA,NA,NA,NA,NA
ZZ REARGUARD,,,FALSE,NA,NA,NA,NA,NA
ZZ SALTSPRING 3,,,FALSE,NA,NA,NA,NA,NA
ZZ SHACKAN QD,,,FALSE,NA,NA,NA,NA,NA
ZZ SKOOKUM CREEK,,,FALSE,NA,NA,NA,NA,NA
ZZ SMITH RIVER,,,FALSE,NA,NA,NA,NA,NA
ZZ STATION BAY,,,FALSE,NA,NA,NA,NA,NA
ZZ STINKY QD,,,FALSE,NA,NA,NA,NA,NA
ZZ WILLIS EXT,,,FALSE,NA,NA,NA,NA,NA
ZZ YELLOWHEAD,,,FALSE,NA,NA,NA,NA,NA
ZZSALMON ARM,,,FALSE,NA,NA,NA,NA,NA
QD #1,68a4d5acbd48a62845887717,Quick Deploy,TRUE,50.70657,-120.4498,,NA,NA
QD #2,68a4d6a3a1ed9944730c873b,Quick Deploy,TRUE,NA,NA,NA,NA,NA
QD #3,67742f5f15eb8a4137b42bdc,Quick Deploy,TRUE,NA,NA,NA,NA,NA
QD #4,66c8b19800e01a5a0ce791c6,Quick Deploy,TRUE,59.4849,-122.8272,,NA,NA
QD #5,66c8b20600e01a5a0ce791c7,Quick Deploy,TRUE,NA,NA,NA,NA,NA
QD #6,66c8b25999a271067ca51c71,Quick Deploy,TRUE,NA,NA,NA,NA,NA
QD #7,66c8b2a399a271067ca51c72,Quick Deploy,TRUE,49.018,-115.0922,,NA,NA
QD #8,,Quick Deploy,TRUE,NA,NA,NA,NA,NA
QD #9,68a4dae4a1ed9944730c873c,Quick Deploy,TRUE,NA,NA,NA,NA,NA
QD #10,68a4db5cbd48a62845887718,Quick Deploy,TRUE,NA,NA,NA,NA,NA
QD #11,68a4dbcfa1ed9944730c873d,Quick Deploy,TRUE,55.3361,-128.0352,,NA,NA
QD #12,68a4dc46bd48a62845887719,Quick Deploy,TRUE,NA,NA,NA,NA,NA
QD #13,68a4c57da1ed9944730c873a,Quick Deploy,TRUE,58.21,-122.0,,NA,NA
QD #14,68a4dcefbd48a6284588771a,Quick Deploy,TRUE,49.29,-124.57,,NA,NA
QD #15,68a4dd5ba1ed9944730c873f,Quick Deploy,TRUE,58.66,-124.18,,NA,NA
QD #16,68a4ddbfa1ed9944730c8740,Quick Deploy,TRUE,53.0928,-124.842917,1352,NA,NA
QD #17,68a4de1da1ed9944730c8741,Quick Deploy,TRUE,54.64,-127.98,,NA,NA
QD #18,68a4de7aa1ed9944730c8742,Quick Deploy,TRUE,59.8,-122.66,,NA,NA
QD #19,68a4dedfa1ed9944730c8743,Quick Deploy,TRUE,51.2145,-122.2622,1602,NA,NA
QD #20,68a4df35a1ed9944730c8744,Quick Deploy,TRUE,NA,NA,NA,NA,NA
